name,longitude,latitude,type
Washington DC,-77.0369,38.9072,DC
Dallas TX,-96.797,32.7767,DC
Los Angeles CA,-118.2437,34.0522,DC
Phoenix AZ,-112.074,33.4484,Plant
Charlotte NC,-80.8431,35.2271,Plant
CUST_1,-76.16186430611484,38.96475995358956,Customer
CUST_2,-77.85084407238416,40.23905626401316,Customer
CUST_3,-78.33383248877686,37.28207518409593,Customer
CUST_4,-77.18345675251808,38.38733808629542,Customer
CUST_5,-77.3433276196714,37.592963815883856,Customer
CUST_6,-77.77211748841744,37.97201946433391,Customer
CUST_7,-77.77779666328573,39.4347829758038,Customer
CUST_8,-77.59007171395358,36.750763728893055,Customer
CUST_9,-78.16943689964236,38.20862764935362,Customer
CUST_10,-77.11777045057856,38.10767139387456,Customer
CUST_11,-75.96281261951732,38.61164025956929,Customer
CUST_12,-77.20797375407987,36.66361524750434,Customer
CUST_13,-77.0602507154872,36.73405449759883,Customer
CUST_14,-76.18727576836213,39.00570209218108,Customer
CUST_15,-76.96102003432797,37.15601006186709,Customer
CUST_16,-77.65366875170542,37.00208177001718,Customer
CUST_17,-76.46958180432469,40.48897397072874,Customer
CUST_18,-78.02642911064042,39.51470528704953,Customer
CUST_19,-77.2758190732847,38.83077667950435,Customer
CUST_20,-77.71834235886759,38.25983755791328,Customer
CUST_21,-78.58638897422115,38.687330373940206,Customer
CUST_22,-78.26887072233077,39.46049350155743,Customer
CUST_23,-78.54556893013411,39.02623472746982,Customer
CUST_24,-77.85673076238628,37.60762360882689,Customer
CUST_25,-76.6078690293073,40.37355174192485,Customer
CUST_26,-76.06101702333183,38.33347836478688,Customer
CUST_27,-77.40570209001179,39.538830559167984,Customer
CUST_28,-77.73264800677113,38.56761579014328,Customer
CUST_29,-77.9659606850688,37.921190164355565,Customer
CUST_30,-76.82926520842814,39.25338601390537,Customer
CUST_31,-77.37834520375887,39.35832595327663,Customer
CUST_32,-79.84279614644886,39.24802571850753,Customer
CUST_33,-78.29340192116581,40.82701047055777,Customer
CUST_34,-77.34687612625663,39.56737106106347,Customer
CUST_35,-78.97130117823971,37.76201856932632,Customer
CUST_36,-76.58621171720183,37.89661006914333,Customer
CUST_37,-77.26304773782446,37.9562025810455,Customer
CUST_38,-76.30549655588425,36.79892912821442,Customer
CUST_39,-78.67332130758011,38.02447786819357,Customer
CUST_40,-78.55351374920184,38.530632333758014,Customer
CUST_41,-76.98677483484761,39.65205159232274,Customer
CUST_42,-75.8766393837925,38.83151616949242,Customer
CUST_43,-76.9969497424672,41.06958046929975,Customer
CUST_44,-76.13920124156436,39.026572955458256,Customer
CUST_45,-77.28738279464105,39.18880086502468,Customer
CUST_46,-77.38730120297247,39.3929844788791,Customer
CUST_47,-77.60869376232522,38.16284035177109,Customer
CUST_48,-76.91708727669013,40.62528422926661,Customer
CUST_49,-77.71800093108506,39.8869827275873,Customer
CUST_50,-77.84605826401709,37.23428769903619,Customer
CUST_51,-76.8165012971399,42.002483783075895,Customer
CUST_52,-77.48253911080911,39.531427835985305,Customer
CUST_53,-77.48100148743791,39.5199918310277,Customer
CUST_54,-75.39241531103866,40.28254919134394,Customer
CUST_55,-75.81782820620806,38.2651832731209,Customer
CUST_56,-77.35984530902599,39.44753823154601,Customer
CUST_57,-75.88067233398307,38.94873729573601,Customer
CUST_58,-76.78285457288806,38.947809180366185,Customer
CUST_59,-77.7900670920616,39.18053110212157,Customer
CUST_60,-76.69326618571893,38.737527013634896,Customer
CUST_61,-76.2139690964623,39.18221286990444,Customer
CUST_62,-77.5662242560168,39.38655915673564,Customer
CUST_63,-76.8597234855103,37.31106875804769,Customer
CUST_64,-78.2350756413303,38.11439400050337,Customer
CUST_65,-78.02669046219597,38.87805878059892,Customer
CUST_66,-77.07376041240545,37.3176862621833,Customer
CUST_67,-75.41964806583832,37.84780833969574,Customer
CUST_68,-78.03151992818538,37.88837279011228,Customer
CUST_69,-77.56433006501312,40.4494356470877,Customer
CUST_70,-78.29158064030216,38.74260430702217,Customer
CUST_71,-77.43322630846104,40.227494789003885,Customer
CUST_72,-76.83400159197816,37.86014342401394,Customer
CUST_73,-77.94602180069545,38.14346090895371,Customer
CUST_74,-75.80063664184547,37.605643147231966,Customer
CUST_75,-77.61243326712152,37.96471958276029,Customer
CUST_76,-76.7880845266615,38.650445617020026,Customer
CUST_77,-75.23014605713617,38.45425766381361,Customer
CUST_78,-79.02402554602345,38.29261965968207,Customer
CUST_79,-77.10992966418779,37.86938197225826,Customer
CUST_80,-77.94227221748659,39.19658206204163,Customer
CUST_81,-75.49182809285008,38.86149134908707,Customer
CUST_82,-78.53670920786728,40.39083206045711,Customer
CUST_83,-77.86792720238766,39.36354502507627,Customer
CUST_84,-77.18625648989854,37.95378117845098,Customer
CUST_85,-76.75848014301677,40.16938438064438,Customer
CUST_86,-78.08109405925649,40.188794671873545,Customer
CUST_87,-77.14407970858859,39.407150203021686,Customer
CUST_88,-77.15808094189424,38.1076472971131,Customer
CUST_89,-78.1280424507615,38.04010229696696,Customer
CUST_90,-76.43710260967661,39.35727743008084,Customer
CUST_91,-76.46678954983494,38.279807900320975,Customer
CUST_92,-77.30579456774116,39.50885635905989,Customer
CUST_93,-77.36320460006186,39.13190001621676,Customer
CUST_94,-76.82051290586918,36.839388875256375,Customer
CUST_95,-75.32290086242782,39.375628868984165,Customer
CUST_96,-77.09081144140697,36.73804275295075,Customer
CUST_97,-76.8664842021471,38.85598904590191,Customer
CUST_98,-78.11399272836518,39.081684447398445,Customer
CUST_99,-75.86584634511344,39.35595696222255,Customer
CUST_100,-76.52532471383353,39.47976314430462,Customer
CUST_101,-78.34472403344046,39.60409876084582,Customer
CUST_102,-75.31688686323973,38.616647996317255,Customer
CUST_103,-77.0327520630666,38.74714357674876,Customer
CUST_104,-76.78996886610632,37.9017743954538,Customer
CUST_105,-78.05921658365351,38.211881853378856,Customer
CUST_106,-77.15280457019591,39.770659955249805,Customer
CUST_107,-77.96990136480694,39.71949520077017,Customer
CUST_108,-77.58006534827042,37.775317240145625,Customer
CUST_109,-76.67799939796397,39.74496697734196,Customer
CUST_110,-77.83538767715115,39.49757707918828,Customer
CUST_111,-77.38613233446861,38.06093092646999,Customer
CUST_112,-77.08896490566376,36.7830237771747,Customer
CUST_113,-77.55333470487835,37.44600647208849,Customer
CUST_114,-76.99364091970757,39.0953234682536,Customer
CUST_115,-76.33344546264634,39.61949097231265,Customer
CUST_116,-78.08961620735136,39.214538655964766,Customer
CUST_117,-78.20359584472297,40.57619153089386,Customer
CUST_118,-77.57320942542337,37.09428216356249,Customer
CUST_119,-77.95115716157618,40.49090521951575,Customer
CUST_120,-77.603746966424,38.2997966575841,Customer
CUST_121,-76.39767033089294,38.186839228404295,Customer
CUST_122,-75.82613412954876,39.587883449433726,Customer
CUST_123,-75.08398020852911,39.96691639995206,Customer
CUST_124,-78.43379274536834,40.20346685786779,Customer
CUST_125,-76.66065790845109,37.46843571158343,Customer
CUST_126,-77.75220179643536,38.65903699419875,Customer
CUST_127,-77.68243822908671,40.36500887849411,Customer
CUST_128,-77.74316901004103,37.44515342408682,Customer
CUST_129,-77.6085996999439,39.013144322294025,Customer
CUST_130,-78.67811230508568,39.374329336215446,Customer
CUST_131,-76.9588413036406,39.40888752975634,Customer
CUST_132,-75.88080969276058,36.197907237134665,Customer
CUST_133,-78.01248440823792,38.96339935571447,Customer
CUST_134,-77.06476916537068,37.33266686089447,Customer
CUST_135,-75.68962652533432,39.74272167483306,Customer
CUST_136,-79.19117249473493,39.73136635486372,Customer
CUST_137,-77.22282580924691,38.935983865819786,Customer
CUST_138,-78.48207354131237,40.13609651133287,Customer
CUST_139,-74.1927060378286,39.96414124903942,Customer
CUST_140,-78.65246930038295,40.277433975198434,Customer
CUST_141,-76.90755398631764,40.55298454276106,Customer
CUST_142,-77.70085343193261,37.28382938341935,Customer
CUST_143,-77.2398169928786,40.403023744391184,Customer
CUST_144,-76.21540353805895,38.666628002972224,Customer
CUST_145,-76.64227976737372,37.33297532805127,Customer
CUST_146,-75.8279105100817,35.78994330919108,Customer
CUST_147,-76.0686888859416,38.71346695419709,Customer
CUST_148,-76.37247233900626,40.23528950141487,Customer
CUST_149,-78.72362234982069,39.080251280229646,Customer
CUST_150,-75.52904787706399,38.32216672640679,Customer
CUST_151,-77.98827086847177,38.753767619257154,Customer
CUST_152,-77.4360561362589,40.02685072722319,Customer
CUST_153,-78.22263400496003,38.92904564143284,Customer
CUST_154,-76.90668611330887,36.16957054541568,Customer
CUST_155,-76.12393986847596,38.85971131767913,Customer
CUST_156,-77.1253194081994,39.15247694540682,Customer
CUST_157,-76.90887416011283,38.14909945991342,Customer
CUST_158,-79.361490835227,39.20283806015451,Customer
CUST_159,-78.52165461826596,40.00091801875417,Customer
CUST_160,-75.49265493447776,40.35199605601108,Customer
CUST_161,-77.27824332505462,38.77111006054189,Customer
CUST_162,-78.05712433854796,38.27019944837934,Customer
CUST_163,-78.94291791931471,39.50699765283877,Customer
CUST_164,-77.38307359026328,40.36387590149388,Customer
CUST_165,-76.80292948115058,38.68006657509373,Customer
CUST_166,-77.75124437363357,39.26872404624627,Customer
CUST_167,-75.87433215415626,39.60260663611346,Customer
CUST_168,-77.03689747169838,39.88219091581851,Customer
CUST_169,-75.55011607762842,38.5392972765136,Customer
CUST_170,-76.97018027818183,37.13478096613996,Customer
CUST_171,-77.96430113496827,37.45424158015064,Customer
CUST_172,-77.2531592696335,38.02042363606439,Customer
CUST_173,-77.10995538215909,38.96013547860522,Customer
CUST_174,-77.18965892662482,38.28410938375749,Customer
CUST_175,-76.46411494009479,39.7226437316063,Customer
CUST_176,-76.9701691924161,39.4088292695971,Customer
CUST_177,-76.54307111556497,37.68954435844559,Customer
CUST_178,-78.02166230927938,38.983533985279486,Customer
CUST_179,-77.1569244499249,39.94626348505089,Customer
CUST_180,-75.72402419589866,37.95570619525402,Customer
CUST_181,-75.76707998848468,38.58879010959696,Customer
CUST_182,-76.92081931940866,38.56058418874724,Customer
CUST_183,-76.74322368754298,38.5525781789974,Customer
CUST_184,-77.75203956648812,37.7763145008078,Customer
CUST_185,-76.60847576460462,38.68548953666835,Customer
CUST_186,-76.79987017991746,36.82465825515842,Customer
CUST_187,-76.52273216854414,37.42606379193069,Customer
CUST_188,-77.68658337406808,38.45573090999983,Customer
CUST_189,-75.85038137820297,40.11270417527346,Customer
CUST_190,-76.73138156543466,38.36196917460542,Customer
CUST_191,-78.29477413513644,36.61047326767917,Customer
CUST_192,-76.91459915782792,38.76690121560993,Customer
CUST_193,-75.61053007719741,39.37041223600868,Customer
CUST_194,-78.30137465043373,37.75229029607058,Customer
CUST_195,-75.70264681241174,38.698049692546284,Customer
CUST_196,-77.53016548925562,38.09401708321175,Customer
CUST_197,-76.15322629492829,39.27203142939015,Customer
CUST_198,-77.73684333387307,38.92501535071575,Customer
CUST_199,-77.17617143594806,38.53787454032983,Customer
CUST_200,-77.20583576590712,39.15810436160916,Customer
CUST_201,-77.18724142008028,38.060848858263405,Customer
CUST_202,-76.03356266826353,39.82494003132337,Customer
CUST_203,-76.80030745669724,39.37660907158861,Customer
CUST_204,-77.7879504886779,37.72884007177285,Customer
CUST_205,-76.56215576358845,40.00560922301407,Customer
CUST_206,-76.87056198889937,38.06010380962341,Customer
CUST_207,-75.80492774308608,39.08804556616754,Customer
CUST_208,-76.61420582769475,39.61535795631117,Customer
CUST_209,-75.54173212701734,38.022637253781966,Customer
CUST_210,-77.64742198656687,40.09576583776778,Customer
CUST_211,-77.08357027408977,38.74628389931463,Customer
CUST_212,-77.75974023326205,37.61222520647287,Customer
CUST_213,-77.32308116506202,38.76938762163866,Customer
CUST_214,-76.68864301601808,39.49341791251215,Customer
CUST_215,-77.59613867634546,38.65076238972955,Customer
CUST_216,-77.16476156905782,38.117059312598215,Customer
CUST_217,-75.86339595702577,40.3221607072537,Customer
CUST_218,-77.97469897428618,37.01199953450563,Customer
CUST_219,-76.10090862598649,40.57678449274743,Customer
CUST_220,-75.61424516309881,38.19299085237708,Customer
CUST_221,-76.28784622693814,39.598391118184026,Customer
CUST_222,-76.62577414951514,38.752781484299405,Customer
CUST_223,-78.41368955046794,39.02756068440324,Customer
CUST_224,-77.89057697076521,39.51468657198741,Customer
CUST_225,-78.20812597063853,39.526008604522126,Customer
CUST_226,-76.94554129255012,39.4186094808141,Customer
CUST_227,-75.95376407806589,38.502555062183845,Customer
CUST_228,-76.8752909358514,38.00703573193754,Customer
CUST_229,-76.69106064279924,39.474604876970254,Customer
CUST_230,-78.27051074258002,39.04129635384946,Customer
CUST_231,-77.08981718074408,38.5248799554647,Customer
CUST_232,-78.01887193620266,38.94715318788837,Customer
CUST_233,-75.8816480746891,38.683537942215935,Customer
CUST_234,-76.66322131186222,39.05056377936718,Customer
CUST_235,-77.71028194732845,39.1734694539817,Customer
CUST_236,-77.33861506025299,39.40478479483118,Customer
CUST_237,-76.49329925458004,39.45939530465207,Customer
CUST_238,-75.77460023109123,40.22809865965905,Customer
CUST_239,-77.99292015744211,36.67027096102765,Customer
CUST_240,-77.46291412751661,37.73125918401835,Customer
CUST_241,-76.92328591465792,37.98310569762317,Customer
CUST_242,-79.058784402861,39.25731115447805,Customer
CUST_243,-77.62201049594285,37.70606890507342,Customer
CUST_244,-76.68625187531707,39.99583208746299,Customer
CUST_245,-76.34968874581328,40.03538286214707,Customer
CUST_246,-77.9810151735592,39.80433321762988,Customer
CUST_247,-78.41102386605596,39.21642304787281,Customer
CUST_248,-77.49239554913889,37.94761432253652,Customer
CUST_249,-77.6495788413459,40.34075061562375,Customer
CUST_250,-76.7963761997081,37.39603152342571,Customer
CUST_251,-76.66951175505126,39.45558577550262,Customer
CUST_252,-77.29400193041228,37.62061431406831,Customer
CUST_253,-77.12890276075483,38.85249400621134,Customer
CUST_254,-77.46486998420136,38.95580267474367,Customer
CUST_255,-76.50842711980893,38.33270741417973,Customer
CUST_256,-77.94595234892063,37.73865868415304,Customer
CUST_257,-77.14693127429845,40.643990457788,Customer
CUST_258,-76.83170674780133,39.40082181300982,Customer
CUST_259,-75.56337752153243,42.02581303334561,Customer
CUST_260,-76.59648780968215,38.64832054317003,Customer
CUST_261,-76.95936046154853,39.10251139747017,Customer
CUST_262,-78.23934981110472,39.74301195661092,Customer
CUST_263,-78.19495699175206,40.31134102482618,Customer
CUST_264,-77.9236204696985,41.12948350443965,Customer
CUST_265,-76.24289062220002,40.11282241772846,Customer
CUST_266,-76.40338002841825,37.85578120775842,Customer
CUST_267,-76.4573268984773,39.37030987666849,Customer
CUST_268,-78.13363240470267,39.58162448171058,Customer
CUST_269,-77.96404040034237,38.26911702166618,Customer
CUST_270,-75.7048035462881,39.20956485698682,Customer
CUST_271,-75.23588497789113,38.72285546342094,Customer
CUST_272,-77.09419473825801,40.05424741135662,Customer
CUST_273,-77.98805302428886,39.66636690711942,Customer
CUST_274,-77.19463279329511,39.35352691275008,Customer
CUST_275,-77.2383971080327,37.18057300633119,Customer
CUST_276,-78.58942293489031,40.26955462964664,Customer
CUST_277,-76.98268990438713,39.138576606614414,Customer
CUST_278,-77.43632254441309,39.279156531507006,Customer
CUST_279,-77.1894371249908,40.58683778947381,Customer
CUST_280,-76.71633386508826,38.82990801275135,Customer
CUST_281,-77.18254086836254,37.68833829871621,Customer
CUST_282,-77.15607240370342,38.66665030027867,Customer
CUST_283,-77.8403204040575,38.8787568879043,Customer
CUST_284,-76.32052276562789,38.49187346100863,Customer
CUST_285,-76.82909129702391,37.8876630943637,Customer
CUST_286,-76.45437350248497,40.2832723513886,Customer
CUST_287,-79.83157206223845,39.5155683969489,Customer
CUST_288,-77.37811053066946,37.39684404063161,Customer
CUST_289,-78.2299691003664,36.952469029856125,Customer
CUST_290,-80.69188479557077,41.09470005536489,Customer
CUST_291,-76.23969774143028,38.5392274423611,Customer
CUST_292,-77.76514582020717,39.2333286617247,Customer
CUST_293,-78.43563233447817,37.986454701198376,Customer
CUST_294,-77.3472689474417,39.23238430086348,Customer
CUST_295,-77.22383002457427,38.65385573892985,Customer
CUST_296,-77.3640870802422,38.97216550516601,Customer
CUST_297,-78.80547399520444,40.447095701474574,Customer
CUST_298,-77.12816089530565,38.88014333907203,Customer
CUST_299,-77.8665522740132,39.00521641410555,Customer
CUST_300,-78.50327584849943,38.54250176927146,Customer
CUST_301,-75.86039633710968,39.40790180028953,Customer
CUST_302,-78.65723813162464,37.19955267385549,Customer
CUST_303,-77.83262963048068,40.105795976215965,Customer
CUST_304,-76.17634278981775,38.82274902282318,Customer
CUST_305,-76.09245409153567,39.54490830087434,Customer
CUST_306,-77.89355014478765,40.17151267574578,Customer
CUST_307,-76.25913093663112,39.42296604334484,Customer
CUST_308,-77.9328178019196,37.96638541363383,Customer
CUST_309,-77.78725023159944,38.550622825376536,Customer
CUST_310,-76.8049671266314,37.400153322172805,Customer
CUST_311,-75.39939161185877,40.425083595688086,Customer
CUST_312,-78.61951277655366,39.53994290251125,Customer
CUST_313,-75.74893563631737,38.18628244143483,Customer
CUST_314,-77.93578597414101,39.23966706985927,Customer
CUST_315,-78.67485261137541,36.24072348413786,Customer
CUST_316,-77.45861876772,38.38747201911456,Customer
CUST_317,-78.60434694218107,37.45289213319049,Customer
CUST_318,-77.98719324618511,39.68151684789892,Customer
CUST_319,-76.79738252668334,40.684867770795016,Customer
CUST_320,-77.13257145812618,39.3480803142613,Customer
CUST_321,-76.02046755685834,39.12172429127124,Customer
CUST_322,-75.8211046459282,38.56440099894492,Customer
CUST_323,-76.69201309795511,38.62425573796376,Customer
CUST_324,-76.59149166109331,37.80467724646901,Customer
CUST_325,-76.75577495145701,40.22799128301335,Customer
CUST_326,-77.29445608359502,38.9323540332838,Customer
CUST_327,-76.8988829283945,39.04831370599895,Customer
CUST_328,-75.06288094172575,40.0867399566492,Customer
CUST_329,-77.65719888705179,39.30032154692283,Customer
CUST_330,-77.0630496120397,37.78819117997266,Customer
CUST_331,-78.52574455734589,39.17412458464202,Customer
CUST_332,-77.20897408794312,38.61113775537636,Customer
CUST_333,-75.18392113029161,38.69195716902797,Customer
CUST_334,-76.12945320357628,39.33684233059965,Customer
CUST_335,-78.29688114879319,38.28754404616122,Customer
CUST_336,-76.82870713420228,38.52082882189038,Customer
CUST_337,-76.70191736244283,39.47001689513855,Customer
CUST_338,-75.6152745608597,39.96907867267124,Customer
CUST_339,-78.32357593895578,39.43395883901356,Customer
CUST_340,-77.85443472087604,38.22768469144796,Customer
CUST_341,-76.39472220356011,39.43514832259315,Customer
CUST_342,-76.93805028804361,39.5319313533214,Customer
CUST_343,-76.56106976128181,38.768909980153786,Customer
CUST_344,-76.8804603661539,39.44735650957665,Customer
CUST_345,-78.19008120699051,39.03916651024888,Customer
CUST_346,-77.53939383654723,36.4268486235169,Customer
CUST_347,-75.10713765031359,40.22647726705047,Customer
CUST_348,-75.91229104251134,40.052744980368,Customer
CUST_349,-77.1726319041939,38.49899825367899,Customer
CUST_350,-75.7978738793005,38.3060452294858,Customer
CUST_351,-75.82107779789207,42.02085372899284,Customer
CUST_352,-78.21630238441213,37.69509610970896,Customer
CUST_353,-77.39416844429807,39.108022147423576,Customer
CUST_354,-76.14506158363868,39.877288283399146,Customer
CUST_355,-76.55699326527113,38.44547777382285,Customer
CUST_356,-76.79877355469463,40.44892410105752,Customer
CUST_357,-77.18599091348494,39.45316019070702,Customer
CUST_358,-76.06512524035037,38.91760333069587,Customer
CUST_359,-77.01005546908142,38.07933963514058,Customer
CUST_360,-78.50370989568485,39.629406923724986,Customer
CUST_361,-75.32317844196052,37.952458678682525,Customer
CUST_362,-75.84530705516566,38.91785880131288,Customer
CUST_363,-76.15403306967721,40.54228461472244,Customer
CUST_364,-77.75893967652732,40.91164253650507,Customer
CUST_365,-76.35477863082664,39.7148921088926,Customer
CUST_366,-79.12244427128864,39.62080389419837,Customer
CUST_367,-78.16567459243616,37.87675376812391,Customer
CUST_368,-76.2957431642129,39.85168179259081,Customer
CUST_369,-76.94341842533741,38.87223459795311,Customer
CUST_370,-76.21830744125467,38.41000478895945,Customer
CUST_371,-77.22515978812281,39.68065619159032,Customer
CUST_372,-76.66788088940214,39.85616767160815,Customer
CUST_373,-77.25025417593041,39.86778706550948,Customer
CUST_374,-75.93078025036654,39.1642735769764,Customer
CUST_375,-78.67072833367995,38.09135820444705,Customer
CUST_376,-77.45602410069777,38.8045070480821,Customer
CUST_377,-75.44701432275255,38.89343699456795,Customer
CUST_378,-78.171514395425,39.052965119249045,Customer
CUST_379,-79.8106488610962,37.77092527240436,Customer
CUST_380,-77.26527987887981,37.53561543913034,Customer
CUST_381,-76.68109944621702,39.24655641511427,Customer
CUST_382,-77.6615768481288,40.02788941929626,Customer
CUST_383,-77.41181259810946,37.10048049752231,Customer
CUST_384,-76.76847779847228,39.07498687193939,Customer
CUST_385,-74.87621460136727,39.20244438847797,Customer
CUST_386,-76.63655316939844,39.561534417583786,Customer
CUST_387,-77.74751013555002,37.870429056324575,Customer
CUST_388,-77.44268125768087,39.48630696445744,Customer
CUST_389,-77.1402303955625,35.87202545026666,Customer
CUST_390,-77.0314925296669,39.97495181296982,Customer
CUST_391,-76.2527021836457,40.33779934747218,Customer
CUST_392,-77.04507552037322,37.83298640162472,Customer
CUST_393,-76.99934928121289,40.2426817415796,Customer
CUST_394,-78.43243626290216,38.55438924173336,Customer
CUST_395,-76.68029736037386,39.36503216835815,Customer
CUST_396,-76.25501503216212,38.58207269661357,Customer
CUST_397,-75.90837978699194,38.81543336549172,Customer
CUST_398,-76.78927999657625,37.74176688300313,Customer
CUST_399,-76.65566903806523,39.47694518190355,Customer
CUST_400,-77.08010860089557,39.83306366291536,Customer
CUST_401,-98.74288440193936,33.482035179491504,Customer
CUST_402,-96.76645806090043,30.80209350634484,Customer
CUST_403,-100.280951438918,34.87691132294247,Customer
CUST_404,-98.03460594363824,32.61095262269221,Customer
CUST_405,-97.51025535853208,31.658350411988216,Customer
CUST_406,-98.70972176302236,31.082626314596013,Customer
CUST_407,-96.01535100540084,34.411533144517726,Customer
CUST_408,-95.91440188366964,33.90729329984078,Customer
CUST_409,-95.40403657299647,34.76516987480401,Customer
CUST_410,-95.38089385987966,33.78112098615011,Customer
CUST_411,-95.09131991532894,31.65642525137164,Customer
CUST_412,-98.48682474338244,31.679054621419738,Customer
CUST_413,-100.94191573000012,31.476771010816336,Customer
CUST_414,-95.80940365104476,31.31955179901894,Customer
CUST_415,-91.86556758940364,33.63459801898558,Customer
CUST_416,-95.1156800822079,29.83417653456933,Customer
CUST_417,-96.618208326129,32.00840260723256,Customer
CUST_418,-98.28078730865516,30.86571965284428,Customer
CUST_419,-99.683534052691,32.16462634914817,Customer
CUST_420,-93.81479086363798,36.57264428444148,Customer
CUST_421,-95.31451419946092,29.417356369175653,Customer
CUST_422,-98.69922439821951,32.926005018737946,Customer
CUST_423,-98.78200069869504,34.68522252212571,Customer
CUST_424,-96.28562568788116,33.911609840045394,Customer
CUST_425,-95.88488987577566,36.28139063848021,Customer
CUST_426,-99.34523799950682,34.07952076031254,Customer
CUST_427,-96.06974111013844,33.177424704820325,Customer
CUST_428,-100.53624356260292,33.626152930565326,Customer
CUST_429,-93.75563583426391,37.883087538382455,Customer
CUST_430,-95.833005317596,35.65619166131691,Customer
CUST_431,-99.46883825610912,34.476817324029426,Customer
CUST_432,-96.00675111051504,34.1559124119331,Customer
CUST_433,-96.60658100735996,33.73159365849504,Customer
CUST_434,-97.27293113700888,29.502246823703118,Customer
CUST_435,-98.35384865469533,31.774133808461578,Customer
CUST_436,-94.07119960850478,33.15274241684724,Customer
CUST_437,-98.64863832166144,31.88517967406588,Customer
CUST_438,-100.78805301240683,31.6728869870262,Customer
CUST_439,-97.83191467426528,34.11355529474062,Customer
CUST_440,-96.56145674967166,35.06246981235515,Customer
CUST_441,-98.41286996023987,32.3919535218451,Customer
CUST_442,-97.05525681570236,32.530630257461524,Customer
CUST_443,-95.55901976872352,35.28179823153873,Customer
CUST_444,-96.0497664814366,32.04194127172023,Customer
CUST_445,-95.24593690403296,35.75608667239635,Customer
CUST_446,-96.0985414467635,32.70338527320027,Customer
CUST_447,-96.95259257775524,32.39506138947653,Customer
CUST_448,-97.6223296902784,34.67515005570376,Customer
CUST_449,-96.93970856668864,34.30085135639968,Customer
CUST_450,-98.33206219624256,35.09185950987681,Customer
CUST_451,-96.20105451645917,33.879641393460155,Customer
CUST_452,-94.61028198687497,32.18899121633947,Customer
CUST_453,-93.8717970780974,30.9218456304682,Customer
CUST_454,-100.65744857348405,31.568438856471158,Customer
CUST_455,-98.1728982538034,33.48113166995675,Customer
CUST_456,-96.15979732638075,31.144060220503924,Customer
CUST_457,-97.34049716079492,32.00260178930657,Customer
CUST_458,-91.83086563121752,33.50901940039498,Customer
CUST_459,-94.7789897944484,35.83568449664822,Customer
CUST_460,-95.88392145164588,30.734278724065405,Customer
CUST_461,-95.6271285628762,30.838426364613763,Customer
CUST_462,-95.01004687250315,32.58626489650198,Customer
CUST_463,-96.81753677349786,37.37502963130118,Customer
CUST_464,-96.62732838956646,33.2943459728345,Customer
CUST_465,-97.6666304693387,34.753480541159206,Customer
CUST_466,-96.45018841421349,31.614180501366945,Customer
CUST_467,-98.94599829510469,32.49225473139897,Customer
CUST_468,-95.97176524520582,32.41011935806584,Customer
CUST_469,-97.53664743703632,35.112929620995004,Customer
CUST_470,-97.85272216733068,34.176552207238366,Customer
CUST_471,-93.53158511828588,31.65701482316907,Customer
CUST_472,-98.9559126644177,32.15085760939113,Customer
CUST_473,-93.480138684464,29.926800019746626,Customer
CUST_474,-97.07847781943104,33.48067810622892,Customer
CUST_475,-98.00270085158544,34.92239544985801,Customer
CUST_476,-93.95348419971168,33.03257807471747,Customer
CUST_477,-98.17708303164724,32.09209062121075,Customer
CUST_478,-97.82853963457212,34.54821272702079,Customer
CUST_479,-97.83351003118514,29.55824852519449,Customer
CUST_480,-99.021360190736,29.20938047669688,Customer
CUST_481,-96.66433880374146,31.469492146497103,Customer
CUST_482,-100.55602556528235,33.82157051602745,Customer
CUST_483,-97.21675539464972,33.24419080715373,Customer
CUST_484,-95.334984405954,32.50889210150303,Customer
CUST_485,-97.39215800591568,32.62896532763408,Customer
CUST_486,-96.47007209796428,31.62486450525861,Customer
CUST_487,-98.58431079962784,32.323231444285135,Customer
CUST_488,-94.51889683490252,33.962950671108175,Customer
CUST_489,-97.01138797115613,38.373397225994914,Customer
CUST_490,-99.06991486732734,31.911639640119876,Customer
CUST_491,-96.54709834664568,33.455922408548496,Customer
CUST_492,-97.18332194093075,33.5265144494225,Customer
CUST_493,-98.84997006382524,31.93046505697059,Customer
CUST_494,-94.6710651258719,33.03490575925759,Customer
CUST_495,-95.10371604966473,37.0549457612162,Customer
CUST_496,-96.56565806435655,31.84604069058652,Customer
CUST_497,-99.67750433088744,35.404543613451736,Customer
CUST_498,-98.67177321100615,33.00965593343828,Customer
CUST_499,-100.22179416325554,32.31896509305951,Customer
CUST_500,-97.83782959185136,35.44394772062262,Customer
CUST_501,-95.81817909222389,32.370262081206604,Customer
CUST_502,-93.36511314386792,33.59954018349998,Customer
CUST_503,-98.31720156268148,33.03926349443176,Customer
CUST_504,-94.8435183457736,32.351090225674305,Customer
CUST_505,-97.70779327413472,30.92810447185904,Customer
CUST_506,-98.85167446394848,30.74353061481604,Customer
CUST_507,-94.89972134559804,33.61397555994802,Customer
CUST_508,-96.62722181677948,35.13147234267644,Customer
CUST_509,-98.97347849460223,34.28915398905557,Customer
CUST_510,-99.06893482587188,36.60393426510972,Customer
CUST_511,-96.9536956875762,32.41018915727286,Customer
CUST_512,-93.92451051504544,35.75257845283221,Customer
CUST_513,-96.9109703790617,32.690183659351035,Customer
CUST_514,-97.07394105452276,31.853185085394564,Customer
CUST_515,-95.03312228307396,30.9419882241742,Customer
CUST_516,-93.87632661592102,32.53101748864201,Customer
CUST_517,-98.30392619116996,32.45059398011821,Customer
CUST_518,-99.71803709711668,34.99227561015283,Customer
CUST_519,-93.87849933555036,30.87792645287721,Customer
CUST_520,-98.32993294834142,32.49721893526812,Customer
CUST_521,-92.3803475131224,32.573945833829946,Customer
CUST_522,-98.03018681503367,32.95807242797879,Customer
CUST_523,-97.4195399479099,33.351497285271286,Customer
CUST_524,-96.14030258352346,32.041140441194926,Customer
CUST_525,-99.0751918490064,32.54338602335206,Customer
CUST_526,-96.83002113424018,36.52659058923159,Customer
CUST_527,-101.84822693434693,29.974276451736173,Customer
CUST_528,-93.31003710409902,33.93824417820246,Customer
CUST_529,-97.5334203979569,31.333801198819373,Customer
CUST_530,-94.91009941407567,34.84290068672412,Customer
CUST_531,-99.07610641578351,33.29218897390353,Customer
CUST_532,-95.57460054139496,29.67980064774589,Customer
CUST_533,-95.3542028045988,35.451984867774826,Customer
CUST_534,-95.22641873043456,30.968344888754476,Customer
CUST_535,-95.18484018175872,32.0075216085987,Customer
CUST_536,-95.35104528525387,32.4109484571018,Customer
CUST_537,-95.34741656567316,35.2786406158473,Customer
CUST_538,-95.74569484250053,32.84191499931989,Customer
CUST_539,-95.11253689932376,32.94469222997755,Customer
CUST_540,-98.90586000162958,36.290310140683566,Customer
CUST_541,-95.40189367518788,31.756034594709803,Customer
CUST_542,-100.68030867589825,32.57990693909254,Customer
CUST_543,-97.73210975758336,30.020922206126816,Customer
CUST_544,-94.83183361484694,32.7126489274149,Customer
CUST_545,-96.8558119957538,35.76141570183261,Customer
CUST_546,-95.65321095120984,31.74983926202214,Customer
CUST_547,-96.19934276178336,31.98319469464689,Customer
CUST_548,-97.2198311085429,32.796240190841964,Customer
CUST_549,-98.03827636361464,33.20883703272655,Customer
CUST_550,-96.6225962003169,35.3695303832977,Customer
CUST_551,-95.15266202400342,33.549878182582205,Customer
CUST_552,-96.52914709565376,36.09640586983264,Customer
CUST_553,-97.22238315874743,34.18114633518629,Customer
CUST_554,-96.47468758243971,33.97786924704725,Customer
CUST_555,-100.01412548019591,31.937521196871465,Customer
CUST_556,-95.47313599839148,37.27607220522204,Customer
CUST_557,-96.16061970277636,34.985364368227884,Customer
CUST_558,-95.7939297809685,31.757666839060544,Customer
CUST_559,-98.96090506470384,30.784278108601992,Customer
CUST_560,-93.44929235352149,32.246388688957545,Customer
CUST_561,-99.42515390547592,36.78502572941786,Customer
CUST_562,-97.25212124576063,29.599444202097303,Customer
CUST_563,-101.43208352937872,32.79904285728709,Customer
CUST_564,-97.59843688264502,30.589422532101697,Customer
CUST_565,-100.49977443974008,36.42262923065873,Customer
CUST_566,-95.10134133201248,34.07503440081024,Customer
CUST_567,-91.400103038855,30.933895685168288,Customer
CUST_568,-96.3553034399468,31.15062634643734,Customer
CUST_569,-97.63055458055682,32.45664598999984,Customer
CUST_570,-95.19077510480832,35.08169562576069,Customer
CUST_571,-93.70494195041492,35.49010620076684,Customer
CUST_572,-94.33401037452788,31.983847374645844,Customer
CUST_573,-95.68681312151062,34.73081973762366,Customer
CUST_574,-96.17982940206308,33.71162244990008,Customer
CUST_575,-95.38350404132936,30.939059256762924,Customer
CUST_576,-94.87067914361953,32.855066184704455,Customer
CUST_577,-100.11149377286652,32.012219714526054,Customer
CUST_578,-94.99644021933874,31.283055271962752,Customer
CUST_579,-95.42890164281567,32.42067137153771,Customer
CUST_580,-96.47829839653652,31.02793211363765,Customer
CUST_581,-95.17858963042968,33.918428002532075,Customer
CUST_582,-95.93643635654468,30.04954221937981,Customer
CUST_583,-98.45098962605888,32.13397922077236,Customer
CUST_584,-97.86035702809228,28.63008257424906,Customer
CUST_585,-97.78168022646072,31.1638344123954,Customer
CUST_586,-100.5046654644104,33.647128053213585,Customer
CUST_587,-98.8301198605168,27.9466166067057,Customer
CUST_588,-96.6129616261793,32.65564129948736,Customer
CUST_589,-94.0762590144928,32.95967272755288,Customer
CUST_590,-95.22450305515656,31.14608480889178,Customer
CUST_591,-96.05015174836078,32.4712750893849,Customer
CUST_592,-93.02759666482908,32.58024544636436,Customer
CUST_593,-100.2962584773825,32.876440327764975,Customer
CUST_594,-96.04985993094157,33.4660318317842,Customer
CUST_595,-97.1922975456632,34.86983030044546,Customer
CUST_596,-99.14676155538388,34.625673018222926,Customer
CUST_597,-98.93824167428856,33.01688298636558,Customer
CUST_598,-100.7636235671874,31.0324730939782,Customer
CUST_599,-99.29425051748198,34.396194224936735,Customer
CUST_600,-94.99684015410114,32.2779416486249,Customer
CUST_601,-94.83712118659444,35.41503128272809,Customer
CUST_602,-96.02740084431458,30.87624938866307,Customer
CUST_603,-94.72502350227929,32.64055488545147,Customer
CUST_604,-97.57770430110337,32.68614074558118,Customer
CUST_605,-97.91698081686955,31.75915129043,Customer
CUST_606,-94.47526818419053,32.56728427426157,Customer
CUST_607,-100.64476534515218,30.32475654094969,Customer
CUST_608,-98.7883686209116,30.32003218240286,Customer
CUST_609,-97.94487089062854,35.478467053016445,Customer
CUST_610,-99.01204536688306,33.499737369510214,Customer
CUST_611,-99.81404517297622,36.31907288094417,Customer
CUST_612,-95.84171681898648,33.91394940844535,Customer
CUST_613,-98.55851703375872,30.4418760142242,Customer
CUST_614,-99.73345589100066,35.68402118684543,Customer
CUST_615,-94.74156572205706,32.5622123902292,Customer
CUST_616,-97.39233242685832,31.860443481160583,Customer
CUST_617,-95.24628332262952,31.86519394932062,Customer
CUST_618,-97.16736730338194,29.143730538845737,Customer
CUST_619,-100.0469959892103,29.741291264587417,Customer
CUST_620,-97.42004983141992,30.99061795252869,Customer
CUST_621,-97.87949906732771,32.06758212445951,Customer
CUST_622,-93.16887942297384,32.369458150239794,Customer
CUST_623,-91.74307498653084,32.492671606412166,Customer
CUST_624,-95.51284545835806,33.87720139528268,Customer
CUST_625,-97.70603939636742,34.52165738080916,Customer
CUST_626,-93.77605176130594,31.17397935708758,Customer
CUST_627,-94.96673191812016,35.09407154305467,Customer
CUST_628,-95.15139432585624,32.55408982979289,Customer
CUST_629,-98.56228715433414,30.69428231931075,Customer
CUST_630,-97.57588784537926,32.53885926188866,Customer
CUST_631,-95.17481811662648,32.77592364977957,Customer
CUST_632,-96.67318041458113,32.53974324416057,Customer
CUST_633,-96.86368380290622,36.80106646282329,Customer
CUST_634,-96.2601521001784,33.36794603768363,Customer
CUST_635,-97.26838610224462,31.582639669304108,Customer
CUST_636,-94.95338304598644,31.7153097608526,Customer
CUST_637,-97.73295289293353,34.28891824085672,Customer
CUST_638,-98.86473321925418,33.59553526405686,Customer
CUST_639,-97.08235763899437,33.25683035131389,Customer
CUST_640,-97.20272492043468,29.855844480636243,Customer
CUST_641,-96.18405538016404,34.82117251103441,Customer
CUST_642,-94.99280420787352,30.25212969801322,Customer
CUST_643,-93.12667125295168,33.906723848108484,Customer
CUST_644,-97.20167654484706,32.69299330779522,Customer
CUST_645,-94.74308884359768,38.15068724566544,Customer
CUST_646,-98.87673132459388,32.168509754272414,Customer
CUST_647,-96.68989233802812,33.16655748626907,Customer
CUST_648,-95.70249285760232,32.64206796344754,Customer
CUST_649,-98.64424708731347,35.12909832804496,Customer
CUST_650,-98.56002627440203,33.31101039748091,Customer
CUST_651,-97.14542988562444,27.86767399032664,Customer
CUST_652,-98.50157643287116,35.68141222848693,Customer
CUST_653,-97.58761411344246,34.832720336814944,Customer
CUST_654,-99.5276740756334,34.06150536003678,Customer
CUST_655,-95.9543732436634,31.75133954818471,Customer
CUST_656,-93.80267000360588,34.511672405435995,Customer
CUST_657,-98.30295237971374,32.82733277270222,Customer
CUST_658,-95.49089648494984,35.88115747143772,Customer
CUST_659,-96.49835367627368,29.34967014152572,Customer
CUST_660,-97.47331341561136,32.640686093784296,Customer
CUST_661,-99.98886414655792,32.74021670578478,Customer
CUST_662,-99.37125514958812,31.44279098066479,Customer
CUST_663,-96.2462375076906,33.57894226952146,Customer
CUST_664,-97.72986604410238,32.03355413766586,Customer
CUST_665,-94.84170059646564,30.91242180625597,Customer
CUST_666,-94.56664243797616,29.858916462647112,Customer
CUST_667,-91.8090812160066,32.420016354916264,Customer
CUST_668,-97.88457195449392,33.13372433797902,Customer
CUST_669,-99.19363447533476,32.91684771660437,Customer
CUST_670,-98.98688673917349,34.66178766700855,Customer
CUST_671,-96.43574100199665,33.33807746509692,Customer
CUST_672,-96.78088718796566,33.92465673536929,Customer
CUST_673,-96.53272976091904,33.72774971575134,Customer
CUST_674,-95.3681857136418,35.71061669026143,Customer
CUST_675,-100.9093913876395,35.13084099304395,Customer
CUST_676,-94.10628485655424,30.674587043857795,Customer
CUST_677,-94.75740171761748,30.91572826363845,Customer
CUST_678,-95.50572942541643,31.268548670674875,Customer
CUST_679,-97.64227613507563,33.1041484775924,Customer
CUST_680,-97.39762944564988,29.48090345608541,Customer
CUST_681,-97.13116959209648,30.32319131041125,Customer
CUST_682,-100.1309829237206,30.5850320032512,Customer
CUST_683,-97.13308096212236,32.32555057606789,Customer
CUST_684,-96.99389529814958,29.0524004058176,Customer
CUST_685,-99.87585120796916,31.18519902838144,Customer
CUST_686,-98.27664528894168,35.96836224196929,Customer
CUST_687,-95.79672747237429,33.11465273141159,Customer
CUST_688,-95.67861035538276,34.0836654364845,Customer
CUST_689,-96.399240007381,30.87957960368834,Customer
CUST_690,-95.85584079817036,31.38393043236549,Customer
CUST_691,-96.19461143223396,34.34338018684239,Customer
CUST_692,-95.17994289605384,31.051640341413727,Customer
CUST_693,-96.16542760548192,32.79286604831197,Customer
CUST_694,-101.18564582226672,33.96186158802037,Customer
CUST_695,-96.37701835019352,29.674172014663107,Customer
CUST_696,-100.39256004155642,32.25365650750984,Customer
CUST_697,-94.51432358445123,33.0172760240098,Customer
CUST_698,-94.686922313534,30.0561983994443,Customer
CUST_699,-96.71170829826394,29.7564581820049,Customer
CUST_700,-100.7768724531815,35.195552268830035,Customer
CUST_701,-118.11394969951913,34.372737312997344,Customer
CUST_702,-117.2007753049313,35.67955630654267,Customer
CUST_703,-119.82640334594213,34.99924899755153,Customer
CUST_704,-118.43412785008746,33.95515152554873,Customer
CUST_705,-118.66967402433713,34.586269337741726,Customer
CUST_706,-119.023115779675,34.98245411995992,Customer
CUST_707,-116.92468684748135,34.477302685221865,Customer
CUST_708,-119.01679426785118,34.522784850845014,Customer
CUST_709,-118.56956855971757,35.49435434471753,Customer
CUST_710,-118.44891602358254,34.15304082015128,Customer
CUST_711,-118.77700822140432,36.23635142825244,Customer
CUST_712,-116.23460782303069,33.72792083613487,Customer
CUST_713,-118.867826166473,35.94377098808388,Customer
CUST_714,-118.85729273758471,35.084757429733045,Customer
CUST_715,-117.72492214671352,34.47448249784445,Customer
CUST_716,-118.47515378078334,34.08466004770216,Customer
CUST_717,-117.35607071769935,33.63724877386481,Customer
CUST_718,-119.50594426053324,35.63463962293209,Customer
CUST_719,-117.90988526130111,35.04962275492616,Customer
CUST_720,-116.65258713812273,33.06471322034451,Customer
CUST_721,-119.1454086208211,35.32127531282309,Customer
CUST_722,-116.44698246905266,34.796007014434025,Customer
CUST_723,-118.28302238242034,33.851222299308525,Customer
CUST_724,-115.42913845824918,34.09579889879364,Customer
CUST_725,-119.178297255785,35.56310076485545,Customer
CUST_726,-119.58977326823508,34.80853273016308,Customer
CUST_727,-117.82005684092768,34.00875068091693,Customer
CUST_728,-117.53227199647402,36.6584645042345,Customer
CUST_729,-117.96002044815005,34.23660645780976,Customer
CUST_730,-117.30736438737269,33.70933642067374,Customer
CUST_731,-117.43328329698718,33.811523125190924,Customer
CUST_732,-117.85392392392107,34.894905535614654,Customer
CUST_733,-118.7465876282366,35.20143255437267,Customer
CUST_734,-116.86545782970786,35.44540980548038,Customer
CUST_735,-118.83293205579588,36.30108383858332,Customer
CUST_736,-115.0894543154481,36.36554470379085,Customer
CUST_737,-116.9797859992524,34.204503366077226,Customer
CUST_738,-117.88314665424753,34.47716078471678,Customer
CUST_739,-118.03017260647697,34.46683036038643,Customer
CUST_740,-118.67654537013446,34.40853257447822,Customer
CUST_741,-117.98387903163986,34.1088810368496,Customer
CUST_742,-117.53960503092436,34.51056352505142,Customer
CUST_743,-118.36303906509748,33.80118587950439,Customer
CUST_744,-117.60860085125545,34.89610936346354,Customer
CUST_745,-117.19647188753348,34.847951210738344,Customer
CUST_746,-117.9693896562719,33.68515881924588,Customer
CUST_747,-117.71442134072169,33.54251470944859,Customer
CUST_748,-118.44915410473612,34.201080293949566,Customer
CUST_749,-117.88206975006064,35.19814149235719,Customer
CUST_750,-118.8365076464938,35.17793574401396,Customer
CUST_751,-118.33298712763742,35.745913493228514,Customer
CUST_752,-118.1792252716782,34.89073210129589,Customer
CUST_753,-116.34574381378842,34.98051094323157,Customer
CUST_754,-119.4970289302769,35.491236234966365,Customer
CUST_755,-118.2627054458859,33.96965915879545,Customer
CUST_756,-116.96515319659896,33.109217483832204,Customer
CUST_757,-116.98245413910364,33.26335235624329,Customer
CUST_758,-118.36060737689786,34.51748813758267,Customer
CUST_759,-116.27927242972818,32.896448450532056,Customer
CUST_760,-117.98690966035588,34.15987645847561,Customer
CUST_761,-118.71936698483192,34.57987867304048,Customer
CUST_762,-118.40393506370418,35.58529700775967,Customer
CUST_763,-117.8980820210741,33.794083671630055,Customer
CUST_764,-118.70474227547771,35.23957729480139,Customer
CUST_765,-118.65621647877644,34.517661571030985,Customer
CUST_766,-118.8447087564999,36.78624635312396,Customer
CUST_767,-117.60301025718417,34.06437114838215,Customer
CUST_768,-117.09970623383548,34.274110014100664,Customer
CUST_769,-118.51018133691386,34.91176317563998,Customer
CUST_770,-118.18804823464788,33.79401465559538,Customer
CUST_771,-117.62991564686968,34.07393960007747,Customer
CUST_772,-118.12986334971436,35.80253410340562,Customer
CUST_773,-118.54480793138036,36.00617893661309,Customer
CUST_774,-117.78086790900464,34.6961807289843,Customer
CUST_775,-117.25373853828634,35.559605386030896,Customer
CUST_776,-117.41253916860116,34.74783597905898,Customer
CUST_777,-117.8189124507853,34.537841344269744,Customer
CUST_778,-117.75145290063996,34.385014896661644,Customer
CUST_779,-117.8897532794091,34.35406322625987,Customer
CUST_780,-118.51628074068763,35.38694556046952,Customer
CUST_781,-118.17450977127034,35.696843184311774,Customer
CUST_782,-116.54676684926606,36.33809573179936,Customer
CUST_783,-118.71035979198656,34.39215779643793,Customer
CUST_784,-117.96755137474356,35.24430225508352,Customer
CUST_785,-117.21428947493042,33.36776500502721,Customer
CUST_786,-117.01568523098,35.01112865002178,Customer
CUST_787,-118.86010490270994,34.41503819712858,Customer
CUST_788,-118.9309303183078,34.84514750050717,Customer
CUST_789,-116.81118546364571,35.49372830373321,Customer
CUST_790,-117.86102483953631,33.70167183262749,Customer
CUST_791,-120.13376573702162,35.916065129020566,Customer
CUST_792,-116.91129891163708,35.25242750845813,Customer
CUST_793,-119.38161735304192,34.64222034733237,Customer
CUST_794,-117.5635727873757,33.46687377425689,Customer
CUST_795,-118.60261698131814,34.53367916627518,Customer
CUST_796,-117.71742322476928,33.99464712600592,Customer
CUST_797,-118.2466252068817,33.85970907560468,Customer
CUST_798,-118.07091943851776,34.39397427752949,Customer
CUST_799,-117.49940271542393,33.68757871232172,Customer
CUST_800,-115.69809960192956,33.797062114029714,Customer
CUST_801,-117.83737927142036,33.9656357577085,Customer
CUST_802,-119.59530547379823,34.55710067244531,Customer
CUST_803,-117.10407959604748,33.539158844856324,Customer
CUST_804,-118.55020366187216,36.27510078482487,Customer
CUST_805,-117.43497447011592,34.0285204944899,Customer
CUST_806,-118.01092149254632,34.87511726258699,Customer
CUST_807,-116.57383916393312,33.558542971876484,Customer
CUST_808,-117.30976303155155,35.718394548112016,Customer
CUST_809,-117.4790253795518,34.06539570436904,Customer
CUST_810,-119.26554336899106,35.2905802833409,Customer
CUST_811,-116.16966599632693,34.204918011822414,Customer
CUST_812,-117.56258005655437,34.14635596916669,Customer
CUST_813,-118.3640240361294,35.34984323241617,Customer
CUST_814,-118.64369642076188,34.09441205752799,Customer
CUST_815,-119.1901984521174,34.66494294884275,Customer
CUST_816,-117.81158699187384,35.90019429013176,Customer
CUST_817,-118.442124259104,34.6998302890956,Customer
CUST_818,-117.7824925563677,34.14692997766092,Customer
CUST_819,-117.81258931239488,34.04097669027424,Customer
CUST_820,-119.32235675735215,34.46179342784166,Customer
CUST_821,-117.0738616669989,34.77194074134082,Customer
CUST_822,-119.9971300947614,35.543689988209344,Customer
CUST_823,-118.84862550533924,34.85061080355972,Customer
CUST_824,-117.04366766235914,33.92114215680088,Customer
CUST_825,-118.22365388237624,34.13429321424034,Customer
CUST_826,-117.57826671250912,34.90379925448324,Customer
CUST_827,-118.1146883390727,36.702447729986574,Customer
CUST_828,-118.17447259483878,35.68680901164674,Customer
CUST_829,-119.76713213202711,34.553480130404715,Customer
CUST_830,-116.8705870982696,33.70737676755555,Customer
CUST_831,-119.32394366546322,34.91707597775817,Customer
CUST_832,-116.7789228389258,33.8126874134748,Customer
CUST_833,-118.03626223168104,34.86501582714726,Customer
CUST_834,-118.952652046498,35.806384545018624,Customer
CUST_835,-118.29267739716713,34.34285316025042,Customer
CUST_836,-116.66785746360397,34.18207568090143,Customer
CUST_837,-118.1154422514622,34.538969394757764,Customer
CUST_838,-117.74860867444028,34.73421960172945,Customer
CUST_839,-117.61913995763103,33.514921775032064,Customer
CUST_840,-119.36281910875798,35.18753261329504,Customer
CUST_841,-116.29091202212302,33.077358461256466,Customer
CUST_842,-118.67429182571392,34.18653389391465,Customer
CUST_843,-118.37631082800542,34.73659959955967,Customer
CUST_844,-119.17777042073725,34.19110901966443,Customer
CUST_845,-117.65190503734377,34.04124243448185,Customer
CUST_846,-119.2879439257231,34.9017075717384,Customer
CUST_847,-116.20998376192966,35.26176026120708,Customer
CUST_848,-116.92955197892344,36.445606659059415,Customer
CUST_849,-118.00047994974769,34.947779094597095,Customer
CUST_850,-117.4364010012128,34.87350974852569,Customer
CUST_851,-119.80354001058268,34.54499471653437,Customer
CUST_852,-116.49638167507108,33.16888391405548,Customer
CUST_853,-117.28415221348526,33.31271078805313,Customer
CUST_854,-115.95335239347578,33.11722066611641,Customer
CUST_855,-117.84307685842448,35.14434092182548,Customer
CUST_856,-117.2715541065131,33.89757699808857,Customer
CUST_857,-119.10272678247696,34.54220083653912,Customer
CUST_858,-118.85545668541344,34.62184982204778,Customer
CUST_859,-119.19154446354564,35.584973005624136,Customer
CUST_860,-118.43127244817066,34.242525066274666,Customer
CUST_861,-118.22578146540133,34.262061988746595,Customer
CUST_862,-118.92472510615,35.61051002402876,Customer
CUST_863,-118.77179938572417,34.62835906782964,Customer
CUST_864,-119.872157122967,35.02958466448962,Customer
CUST_865,-115.09661185971731,32.69600994448454,Customer
CUST_866,-116.84157770327369,32.6414648216431,Customer
CUST_867,-118.53511250537902,34.333771781340204,Customer
CUST_868,-116.1196686003798,34.032840420926114,Customer
CUST_869,-118.30593943200329,35.93699873853945,Customer
CUST_870,-117.33519563630516,34.78646675031057,Customer
CUST_871,-114.9872105950575,35.641475230892425,Customer
CUST_872,-119.58743618479345,34.60179454672294,Customer
CUST_873,-116.61925874444256,33.411976444326406,Customer
CUST_874,-116.09812673662256,33.593640777508845,Customer
CUST_875,-119.75046162273328,34.86797112721029,Customer
CUST_876,-118.35410961795066,34.20261523577434,Customer
CUST_877,-118.50743299112725,34.79542607000453,Customer
CUST_878,-117.26093874069,34.381006478357406,Customer
CUST_879,-118.03744998022177,34.57882379840379,Customer
CUST_880,-117.6105380553958,34.10746771692188,Customer
CUST_881,-118.28084495901275,35.96615421023906,Customer
CUST_882,-118.5450523873742,35.05208066199595,Customer
CUST_883,-116.99401970752382,33.69176205613296,Customer
CUST_884,-117.15285522519078,34.26545913649156,Customer
CUST_885,-117.91588967973092,33.850561910913456,Customer
CUST_886,-118.91136860900924,34.26358884578582,Customer
CUST_887,-120.13833843072815,34.87858411960396,Customer
CUST_888,-119.840252533857,35.96957091201467,Customer
CUST_889,-119.13095697127916,35.305253490073696,Customer
CUST_890,-117.6927316666646,33.539108044077786,Customer
CUST_891,-117.61406553567592,33.82609389293046,Customer
CUST_892,-117.80196545782736,33.68028700211539,Customer
CUST_893,-117.47764593081102,35.41654170793134,Customer
CUST_894,-116.90741925255531,32.81600187026972,Customer
CUST_895,-116.58673545800028,35.13305845686029,Customer
CUST_896,-119.23397383805532,34.28489066506789,Customer
CUST_897,-118.13512019139228,35.04294582674369,Customer
CUST_898,-116.5982306810028,34.477611598909284,Customer
CUST_899,-116.71014596809049,34.074388252718286,Customer
CUST_900,-118.34336992818866,35.88996761732453,Customer
CUST_901,-119.68590430211006,35.11220443631748,Customer
CUST_902,-116.80877758072096,34.98519885469052,Customer
CUST_903,-117.7128812644868,34.211330061404865,Customer
CUST_904,-117.98117883757534,34.42205456269743,Customer
CUST_905,-117.30177593807932,33.48869445867463,Customer
CUST_906,-117.25921743588864,35.09586745873668,Customer
CUST_907,-116.8543402235466,33.60011860635185,Customer
CUST_908,-118.79282990411988,35.86993885103124,Customer
CUST_909,-117.69007736580647,35.39486804689448,Customer
CUST_910,-119.03656277743964,35.00989917160011,Customer
CUST_911,-118.28289601323284,34.408294354216395,Customer
CUST_912,-117.585816095714,34.53209169663628,Customer
CUST_913,-119.22125353880308,35.69385735002269,Customer
CUST_914,-118.11889658469958,34.609511186857745,Customer
CUST_915,-117.24836187151416,34.488575632114035,Customer
CUST_916,-118.0508223148729,33.89644083552235,Customer
CUST_917,-118.5455239756156,35.22497811313619,Customer
CUST_918,-118.06104075063882,34.37668696352413,Customer
CUST_919,-118.26797848711222,35.031934840826715,Customer
CUST_920,-118.52954325971554,34.564006174495816,Customer
CUST_921,-117.88434856750033,35.11625617536022,Customer
CUST_922,-116.98458379932931,33.60407533068715,Customer
CUST_923,-118.136377244672,34.86503476403458,Customer
CUST_924,-118.21868562392709,34.02899732444201,Customer
CUST_925,-119.25426385595438,35.03108950397109,Customer
CUST_926,-119.06794024771628,34.65729866263686,Customer
CUST_927,-118.26699945408156,34.32098341266489,Customer
CUST_928,-117.89942462568928,35.42148459746466,Customer
CUST_929,-118.57628999858396,34.21737773295936,Customer
CUST_930,-117.81112486147649,33.81470359949759,Customer
CUST_931,-118.58022497204374,34.225999290029804,Customer
CUST_932,-119.3716979805887,34.32132276558776,Customer
CUST_933,-119.06807749910747,34.09694699229684,Customer
CUST_934,-119.82049333204452,34.43553344266234,Customer
CUST_935,-117.96259158265418,34.234002720730714,Customer
CUST_936,-118.665800724485,34.7851324507875,Customer
CUST_937,-117.56272836857204,33.56962705162032,Customer
CUST_938,-117.28661191669356,34.246836871100946,Customer
CUST_939,-118.46580087102532,34.41086112584705,Customer
CUST_940,-116.54071542854088,34.23326742388196,Customer
CUST_941,-117.14752540305793,32.910920801464385,Customer
CUST_942,-116.76592331903132,33.9469254559829,Customer
CUST_943,-118.15650280906158,34.36052174961078,Customer
CUST_944,-118.86547873497058,35.009810493590585,Customer
CUST_945,-118.96737694707888,35.10296202039867,Customer
CUST_946,-117.94208835608418,35.269611449046074,Customer
CUST_947,-116.8466624327402,33.21324006187175,Customer
CUST_948,-118.57282021038552,34.803781196420985,Customer
CUST_949,-118.64000766624572,35.17851869751712,Customer
CUST_950,-118.8162226816394,34.83089597247956,Customer
CUST_951,-119.20299989953236,34.628086113491186,Customer
CUST_952,-117.35433047433332,34.85005904177111,Customer
CUST_953,-119.13208117208544,34.32742581739522,Customer
CUST_954,-118.64386765989155,34.55247687482725,Customer
CUST_955,-118.48246672714072,35.83330649151878,Customer
CUST_956,-118.22571277818368,34.26521759051182,Customer
CUST_957,-118.216913807368,35.99878521157476,Customer
CUST_958,-118.55071094753228,34.29270304111747,Customer
CUST_959,-118.1468554125921,34.330390937263,Customer
CUST_960,-118.06315630301724,35.12768021056459,Customer
CUST_961,-118.65672396169484,36.175003936580886,Customer
CUST_962,-117.60306650084792,35.60320170218564,Customer
CUST_963,-117.60609795701303,34.97200497561992,Customer
CUST_964,-116.47140124668486,35.8691293030412,Customer
CUST_965,-118.6599728249255,35.88167050089932,Customer
CUST_966,-116.61081759618222,32.80778391489626,Customer
CUST_967,-118.18124418864514,34.31552352080781,Customer
CUST_968,-119.06241501470792,34.35370633211384,Customer
CUST_969,-118.24844630591394,34.56748372951441,Customer
CUST_970,-116.412432848593,34.80045296509804,Customer
CUST_971,-118.84220336404576,36.17582885203876,Customer
CUST_972,-120.83858636793478,36.396107268059616,Customer
CUST_973,-117.88693977677808,34.27511467956169,Customer
CUST_974,-117.5506849520698,34.017148347745085,Customer
CUST_975,-116.89693935726594,32.92965348184687,Customer
CUST_976,-120.23268861930812,34.51435085717683,Customer
CUST_977,-118.25737603986184,34.30651184672739,Customer
CUST_978,-118.35699723917772,34.141362815955866,Customer
CUST_979,-118.61571018482,34.82497374575129,Customer
CUST_980,-118.73969229047468,34.965367650188185,Customer
CUST_981,-118.1980271956897,35.199681029640644,Customer
CUST_982,-116.60728432711988,33.639214691296885,Customer
CUST_983,-118.92191593240956,34.63128282435253,Customer
CUST_984,-116.4323328879539,32.963365821385686,Customer
CUST_985,-116.19879773184554,33.73048929616549,Customer
CUST_986,-116.81993338121214,33.86931568473301,Customer
CUST_987,-118.16893008084428,36.43748998032813,Customer
CUST_988,-118.04200125090202,34.6499523846276,Customer
CUST_989,-117.25231549313088,33.363874054366136,Customer
CUST_990,-117.03072157252876,33.07298711640264,Customer
CUST_991,-117.43062740062172,34.47459401866535,Customer
CUST_992,-117.35694018665166,35.27439654296796,Customer
CUST_993,-118.34879004897236,34.030410359986824,Customer
CUST_994,-117.69195436773676,34.27376036396052,Customer
CUST_995,-117.4541572324605,33.497257656298885,Customer
CUST_996,-118.22672025354976,34.75539823826872,Customer
CUST_997,-117.35302312382046,34.01490076555162,Customer
CUST_998,-117.85345136234388,34.3265946983291,Customer
CUST_999,-117.53902990020995,33.8628035358429,Customer
CUST_1000,-118.30639684037106,35.43763399211496,Customer
CUST_1001,-77.55133796123079,40.50393440457032,Customer
CUST_1002,-100.18636927555384,38.59948056482526,Customer
CUST_1003,-115.24227684393652,43.31601541232068,Customer
CUST_1004,-91.15340009138824,41.1570312532324,Customer
CUST_1005,-100.7259548253061,39.52436718628182,Customer
CUST_1006,-97.80067725314308,33.75554558067774,Customer
CUST_1007,-94.35667251300914,38.66411943188977,Customer
CUST_1008,-118.0891195397498,42.82599271577551,Customer
CUST_1009,-96.8936590314254,32.823812143344085,Customer
CUST_1010,-83.49747543162219,44.86935603459688,Customer
CUST_1011,-113.75241201843542,47.643696298070026,Customer
CUST_1012,-82.83586303331029,34.04769935066221,Customer
CUST_1013,-119.4677064336377,41.24464273544173,Customer
CUST_1014,-93.93138569671588,38.16376261936806,Customer
CUST_1015,-100.42669423013632,38.54514153028762,Customer
CUST_1016,-86.09692272472749,46.435096682923685,Customer
CUST_1017,-121.0455141864699,36.88935356791102,Customer
CUST_1018,-116.24728795808188,44.492269022718745,Customer
CUST_1019,-105.81283610706218,48.66447105465784,Customer
CUST_1020,-123.41839383275578,42.27275793820239,Customer
CUST_1021,-124.05393354316158,44.102182301582616,Customer
CUST_1022,-109.87103949228504,34.427130725966435,Customer
CUST_1023,-106.47792870949598,35.51974004960902,Customer
CUST_1024,-98.49254144260163,31.14349964885813,Customer
CUST_1025,-118.23393338865048,44.152435532622334,Customer
CUST_1026,-95.830104576721,32.76550486028721,Customer
CUST_1027,-98.53738925716132,48.50931575149633,Customer
CUST_1028,-78.44893359639404,41.63436639162502,Customer
CUST_1029,-72.64058306272314,44.84181515379685,Customer
CUST_1030,-112.55042981653494,48.23649343792973,Customer
CUST_1031,-114.96856609085066,46.80726796308426,Customer
CUST_1032,-115.71282505854538,39.751584139519295,Customer
CUST_1033,-117.71107412993445,39.76172081725364,Customer
CUST_1034,-94.20081023492122,45.684540504196704,Customer
CUST_1035,-102.45700615883078,44.68284652707247,Customer
CUST_1036,-81.29089701665698,28.60875568684312,Customer
CUST_1037,-112.99639874689176,39.51694061418208,Customer
CUST_1038,-113.5511301792087,37.70206233192839,Customer
CUST_1039,-96.61777898952812,31.937597665046777,Customer
CUST_1040,-83.65180433782169,32.163188653258686,Customer
CUST_1041,-107.74432293039172,34.71412035976768,Customer
CUST_1042,-75.87288069522435,44.39724558454552,Customer
CUST_1043,-83.00999224114446,42.88064841247832,Customer
CUST_1044,-90.10639543822616,35.001868679159145,Customer
CUST_1045,-100.61305544999576,37.61688404162636,Customer
CUST_1046,-103.18218654395407,31.465699840665287,Customer
CUST_1047,-115.356694812533,38.271185233016034,Customer
CUST_1048,-82.04333433963068,37.396132686218586,Customer
CUST_1049,-96.9363042185572,35.35926536448187,Customer
CUST_1050,-94.13237850024764,32.02530153235858,Customer
CUST_1051,-91.27576863303392,37.60241639734399,Customer
CUST_1052,-96.43265427887664,37.66408070583056,Customer
CUST_1053,-106.76289459274592,40.13834646851401,Customer
CUST_1054,-88.22490736004275,42.96716005174213,Customer
CUST_1055,-104.74880276916198,40.60133026356211,Customer
CUST_1056,-102.15842941576727,42.98170085174653,Customer
CUST_1057,-85.5528678891747,39.19422496343799,Customer
CUST_1058,-123.47349584377656,41.80117942965103,Customer
CUST_1059,-111.84294936859396,41.1416384517815,Customer
CUST_1060,-103.6145788814494,30.765884187203422,Customer
CUST_1061,-113.045340387308,37.779972936184585,Customer
CUST_1062,-96.54327210200653,29.442497376709756,Customer
CUST_1063,-106.13117120520076,46.095393211439,Customer
CUST_1064,-92.87793657336212,33.51750356392219,Customer
CUST_1065,-85.8739716111906,36.21033521722046,Customer
CUST_1066,-110.95728107428144,34.24480110891025,Customer
CUST_1067,-124.06219744087042,44.60583835237932,Customer
CUST_1068,-70.18508220591087,45.7167240154515,Customer
CUST_1069,-115.08717605198034,36.01906009376259,Customer
CUST_1070,-93.84699252068134,39.77344649297475,Customer
CUST_1071,-93.9949945265954,47.25780320307543,Customer
CUST_1072,-100.26428654035962,31.63636059748695,Customer
CUST_1073,-83.62818829668218,39.6326090910175,Customer
CUST_1074,-119.66423971173133,36.006854520907424,Customer
CUST_1075,-95.96811964434448,48.293662732683,Customer
CUST_1076,-95.7892209342221,43.036623367136535,Customer
CUST_1077,-80.69042338178856,33.81900400357702,Customer
CUST_1078,-98.64744645222994,47.18567938668187,Customer
CUST_1079,-85.2864428014891,41.34141588303833,Customer
CUST_1080,-98.58490391227724,45.1410402324193,Customer
CUST_1081,-95.38256906416268,42.84674825044996,Customer
CUST_1082,-81.72049066258865,35.6777645652826,Customer
CUST_1083,-108.90429067468274,45.14704665300409,Customer
CUST_1084,-99.06429291918852,43.86128047938496,Customer
CUST_1085,-97.35244789600152,36.38547943207931,Customer
CUST_1086,-121.98937440796225,38.15448638515731,Customer
CUST_1087,-117.86976653006796,40.44188413325354,Customer
CUST_1088,-100.95716775353272,36.9167433515242,Customer
CUST_1089,-100.87206037361618,42.09727998881748,Customer
CUST_1090,-76.3565623047217,39.50076006454752,Customer
CUST_1091,-76.0444522003489,40.15362471475147,Customer
CUST_1092,-117.17784356460362,35.77953753350482,Customer
CUST_1093,-98.81027484970534,40.25685349147028,Customer
CUST_1094,-106.5427579710389,37.10689186568232,Customer
CUST_1095,-108.42377425175084,43.85305112535582,Customer
CUST_1096,-111.78925981756248,44.72549191838284,Customer
CUST_1097,-106.79391699675668,41.99227600501145,Customer
CUST_1098,-88.0409810430085,45.55595237708839,Customer
CUST_1099,-93.33031988055814,36.52141433170158,Customer
CUST_1100,-90.215367524455,39.20527789577056,Customer
